time,shoulder_pan_joint,shoulder_lift_joint,elbow_joint,wrist_1_joint,wrist_2_joint,wrist_3_joint
0,0,0,0,0,0,0
0,-3.138958913589793,-3.133133943589793,-3.136478593589793,-3.136413783589793,0.00351958,0.009241579999999999
0.1,-2.894540049924412,2.000648026027022,-1.442067568998198,0.1438187663040367,-2.895925810436053,1.125859613996102
0.2,-2.551490433639236,1.241119155941789,-2.336315729456885,1.034986506577752,0.5324141750372523,0.08173937327233016
0.3,-2.279184132976292,1.09821041161311,-2.272804377479076,2.805149616375473,0.09624209591590904,1.751981591551357
0.4,-2.046278792196972,1.02700270332312,-2.664025406301107,0.845881070290659,1.085390802257897,0.1793098701571805
0.5,-1.856997931819403,0.9125762254751066,-2.240594016236514,0.2105357289475478,0.3352540605641492,1.460787112748984
0.6000000000000001,-1.697495884052387,0.5712914400403122,-2.74379027626486,2.425125119541406,1.424595683627179,2.137236097922278
0.7000000000000001,-1.578023430830292,0.3880248154482331,-2.854005519728162,3.039817303690484,1.39354307216096,1.51851099595871
0.8,-1.509745477492658,0.145294286545635,-2.518232298237706,0.4735835776266129,1.631843271306149,1.571258261482736
0.9,-1.463848409654851,0.04415537437222383,-2.506951894952635,0.5904728096347469,1.677742749450107,1.570590202386999
1,-1.42204257898676,3.125332130845436,-2.53910117845794,0.6187519412839606,1.719550075888287,1.570795798055332
1.1,-1.397473323780086,3.102297237312399,-2.562330074129193,0.6185579389373856,1.744119331094961,1.570795796649375
1.2,-1.376757688015557,3.087721717845426,-2.581161624220897,0.6143019081066541,1.76483496685949,1.570795795454816
1.3,-1.358846354799781,3.078366683181713,-2.596762481435576,0.6080560853550026,1.782746300075265,1.570795794414223
1.4,-1.343056126898285,3.072437076818176,-2.609902702291606,0.6008454706681334,1.798536527976761,1.57079579349023
1.5,-1.328915991918283,3.06885912286171,-2.621123640398423,0.593202486329659,1.812676662956763,1.570795792657048
1.6,-1.31608895918186,3.066954370863357,-2.630817400453395,0.5854134780907714,1.825503695693187,1.570795791896193
1.7,-1.304327248738042,3.066275317284351,-2.639274092650737,0.5776358392955103,1.837265406137004,1.570795791194041
1.8,-1.29344470796894,3.066516027452224,-2.646712330776893,0.5699568908293031,1.848147946906106,1.570795790540337
1.9,-1.283298988601196,3.067460740850095,-2.653299654048567,0.5624248539918995,1.85829366627385,1.570795789927225
2,-1.273779600003968,3.06895299145674,-2.659166523471129,0.5550657337986422,1.867813054871078,1.5707957893486
2.1,-1.264799661237415,3.070876382327981,-2.664416091925716,0.5478927743121176,1.876792993637631,1.570795788799658
2.2,-1.256290064564284,3.073142258660368,-2.669131132775249,0.5409118569726274,1.885302590310762,1.57079578827658
2.3,-1.248195257888266,3.07568160646079,-2.673379022368238,0.534124619424432,1.893397396986781,1.570795787776298
2.4,-1.240470141833087,3.078439615274277,-2.67721536736974,0.5275302654573011,1.901122513041959,1.570795787296327
2.5,-1.233077751495968,3.081371961904978,-2.680686674104777,0.5211266119418667,1.908514903379078,1.570795786834637
2.6,-1.225987501620858,3.084442228969039,-2.68383233149558,0.514910687339551,1.915605153254188,1.570795786389554
2.7,-1.219173843534082,3.087620084726836,-2.686686096332721,0.5088790665993201,1.922418811340965,1.570795785959688
2.8,-1.212615227777079,3.090879980925649,-2.689277214067317,0.5030280525226942,1.928977427097967,1.570795785543873
2.9,-1.206293296861086,3.094200207274298,-2.691631270440723,0.4973537696594121,1.93529935801396,1.570795785141121
3,-1.200192253351181,3.097562193833113,-2.693770843025334,0.4918522103767486,1.941400401523865,1.57079578475059
3.1,-1.194298362909139,3.10094998716437,-2.695716003277198,0.4865192566563792,1.947294291965908,1.570795784371551
0.05840734641020706,-1.188599562106295,3.104349849180096,-2.697484706493924,0.4813506912885543,1.952993092768752,1.570795784003369
0.1584073464102072,-1.18308514812673,3.107749943287445,-2.69909309749869,0.4763422060429718,1.958507506748317,1.570795783645485
0.2584073464102072,-1.177745532813675,3.111140083186399,-2.700555752841922,0.4714894106691361,1.963847122061372,1.570795783297401
0.3584073464102069,-1.172572047464053,3.114511527126979,-2.70188587509989,0.4667878443408426,1.969020607410994,1.570795782958667
0.458407346410207,-1.167556787748479,3.11785680562781,-2.70309545094949,0.4622329898625139,1.974035867126567,1.570795782628877
0.5584073464102071,-1.16269249040068,3.121169574288558,-2.704195381768102,0.4578202902571036,1.978900164474366,1.570795782307657
0.6584073464102072,-1.157972435069964,3.124444485866064,-2.705195593295343,0.4535451670281532,1.983620219805082,1.570795781994662
0.7584073464102072,-1.153390366095554,3.127677077550004,-2.706105129225307,0.4494030392918376,1.988202288779492,1.570795781689571
0.8584073464102069,-1.148940430036,3.130863670596824,-2.706932232341671,0.4453893430080598,1.992652224839046,1.570795781392083
0.9584073464102074,-1.144617125638376,3.134001280319126,-2.707684415864151,0.4414995496444476,1.99697552923667,1.570795781101915
1.058407346410207,-1.140415263610232,3.137087534996141,-2.708368526972777,0.4377291837417374,2.001177391264815,1.570795780818799
1.158407346410207,-1.136329934099224,3.140120602651734,-2.708990803954066,0.4340738389895762,2.005262720775822,1.570795780542479
1.258407346410207,-1.132356480219297,0.001506471307379798,-2.709556928031702,0.4305291925529957,2.009236174655749,1.570795780272715
1.358407346410207,-1.128490476309837,0.00442950360908867,-2.710072070665888,0.427091017505262,2.013102178565209,1.570795780009274
1.458407346410207,-1.124727709892377,0.00729646144671392,-2.710540936905772,0.4237551933175894,2.016864944982669,1.570795779751934
1.558407346410207,-1.121064166511734,0.01010707189311688,-2.710967805237317,0.4205177144311563,2.020528488363312,1.570795779500484
1.658407346410208,-1.117496016825663,0.01286133019215185,-2.711356564268897,0.4173746969937042,2.024096638049383,1.57079577925472
1.758407346410207,-1.114019605447886,0.01555946093938587,-2.711710746528524,0.4143223838816255,2.02757304942716,1.570795779014447
1.858407346410207,-1.110631441160861,0.01820188349313412,-2.712033559598467,0.411357148154309,2.030961213714185,1.570795778779477
1.958407346410207,-1.107328188202572,0.02078918126113649,-2.712327914780701,0.4084754951019818,2.034264466672474,1.570795778549631
2.058407346410207,-1.104106658400537,0.02332207452593593,-2.712596453464641,0.4056740630527145,2.037485996474509,1.570795778324734
2.158407346410208,-1.10096380398016,0.02580139648819113,-2.712841571353181,0.4029496231028986,2.040628850894886,1.570795778104621
2.258407346410207,-1.097896710916316,0.0282280722252608,-2.713065440692219,0.400299077929219,2.04369594395873,1.570795777889132
2.358407346410207,-1.094902592729341,0.03060310028016033,-2.713270030640388,0.3977194598300287,2.046690062145705,1.570795777678113
2.458407346410207,-1.09197878465136,0.03292753661477832,-2.713457125908747,0.3952079281323506,2.049613870223686,1.570795777471415
2.558407346410207,-1.089122738107659,0.03520248068025467,-2.713628343794483,0.3927617660878013,2.052469916767388,1.570795777268898
2.658407346410208,-1.086332015472062,0.03742906337649288,-2.713785149726903,0.3903783773671989,2.055260639402984,1.570795777070424
2.758407346410207,-1.083604285065881,0.03960843669122482,-2.713928871437929,0.3880552822508037,2.057988369809165,1.570795776875862
2.858407346410207,-1.080937316377831,0.04174176482766256,-2.714060711864647,0.3857901135983468,2.060655338497216,1.570795776685087
2.958407346410207,-1.078328975488124,0.04383021664699527,-2.714181760884344,0.3835806126712953,2.063263679386923,1.570795776497977
3.058407346410207,-1.075777220684015,0.0458749592687866,-2.714293005977936,0.3814246248691404,2.065815434191032,1.570795776314416
0.01681469282041448,-1.073280098257048,0.04787715268807347,-2.714395341911143,0.3793200954310691,2.068312556617999,1.570795776134291
0.1168146928204141,-1.070835738474286,0.04983794528209273,-2.714489579516965,0.3772650651468439,2.07075691640076,1.570795775957496
0.2168146928204138,-1.06844235171713,0.05175847009371637,-2.714576453657685,0.375257666111338,2.073150303157917,1.570795775783927
0.3168146928204143,-1.066098224782265,0.05363984179055592,-2.714656630438412,0.3732961175516891,2.075494430092781,1.570795775613484
0.4168146928204139,-1.063801717339832,0.05548315421034999,-2.714730713739641,0.3713787217497497,2.077790937535214,1.570795775446074
0.5168146928204145,-1.061551258544149,0.05728947841311083,-2.714799251129818,0.3695038600769465,2.080041396330897,1.570795775281602
0.6168146928204141,-1.059345343792583,0.05905986117042517,-2.714862739215619,0.367669989155047,2.082247311082464,1.570795775119982
0.7168146928204138,-1.057182531628102,0.06079532383003539,-2.714921628481136,0.3658756371521577,2.084410123246944,1.570795774961129
0.8168146928204143,-1.05506144078112,0.06249686150184175,-2.714976327664374,0.3641194002204031,2.086531214093927,1.570795774804962
0.9168146928204139,-1.05298074734617,0.06416544251746359,-2.715027207714115,0.3623999390793244,2.088611907528876,1.570795774651401
1.016814692820414,-1.050939182088888,0.06580200812246062,-2.715074605367306,0.3607159757463592,2.090653472786159,1.570795774500372
1.116814692820414,-1.048935527878758,0.0674074723646072,-2.715118826382877,0.3590662904148303,2.092657126996288,1.570795774351802
1.216814692820414,-1.04696861724304,0.06898272214701251,-2.715160148464747,0.3574497184777101,2.094624037632006,1.570795774205621
1.316814692820414,-1.045037330037276,0.07052861741840388,-2.715198823904245,0.3558651476948569,2.096555324837771,1.570795774061762
1.416814692820414,-1.043140591227799,0.07204599147723911,-2.715235081968785,0.3543115155003989,2.098452063647247,1.570795773920161
1.516814692820414,-1.041277368781663,0.07353565136892826,-2.71526913106112,0.3527878064461731,2.100315286093383,1.570795773780756
1.616814692820414,-1.039446671659478,0.07499837835842982,-2.715301160671856,0.3512930497765865,2.102145983215568,1.570795773643486
1.716814692820414,-1.037647547906731,0.07643492846312938,-2.715331343144783,0.3498263171304359,2.103945106968315,1.570795773508293
1.816814692820413,-1.035879082839186,0.07784603303284143,-2.715359835273659,0.3483867203641751,2.10571357203586,1.570795773375123
1.916814692820415,-1.034140397318116,0.07923239936590676,-2.715386779746268,0.3469734094915964,2.10745225755693,1.570795773243922
2.016814692820414,-1.032430646111206,0.0805947113515515,-2.715412306451185,0.3455855707348974,2.109162008763841,1.570795773114637
2.116814692820414,-1.030749016335085,0.08193363013074872,-2.715436533660124,0.3442224246814476,2.110843638539961,1.57079577298722
2.216814692820414,-1.029094725975562,0.08324979476839189,-2.71545956909813,0.3428832245412536,2.112497928899485,1.570795772861622
2.316814692820413,-1.027467022481808,0.08454382293126628,-2.715481510912412,0.3415672545002337,2.114125632393239,1.570795772737798
2.416814692820415,-1.025865181430829,0.08581631156678782,-2.715502448549898,0.3402738281641007,2.115727473444217,1.570795772615701
2.516814692820414,-1.02428850525873,0.08706783757858716,-2.715522463551849,0.3390022870879648,2.117304149616316,1.57079577249529
2.616814692820414,-1.022736322055414,0.08829895849541458,-2.715541630273947,0.3377519993873364,2.118856332819632,1.570795772376522
2.716814692820414,-1.021207984419491,0.08951021313083629,-2.715560016538973,0.3365223584258388,2.120384670455555,1.570795772259358
2.816814692820413,-1.019702868370339,0.09070212223141993,-2.715577684228435,0.3353127815754249,2.121889786504707,1.570795772143759
2.916814692820415,-1.018220372314341,0.09187518911150505,-2.715594689819,0.3341227090450332,2.123372282560704,1.570795772029686
3.016814692820414,-1.016759916062542,0.0930299002733932,-2.715611084869295,0.3329516027737895,2.124832738812504,1.570795771917105
3.116814692820414,-1.015320939897013,0.09416672601165033,-2.715626916461304,0.3317989453850601,2.126271714978033,1.570795771805979
0.07522203923062065,-1.013902903683416,0.09528612100086775,-2.715642227601336,0.3306642391979722,2.12768975119163,1.570795771696275
0.1752220392306221,-1.012505286027333,0.09638852486625638,-2.715657057583769,0.3295470052928806,2.129087368847713,1.570795771587959
0.2752220392306217,-1.011127583472069,0.09747436273679,-2.71567144232165,0.3284467826277933,2.130465071402976,1.570795771481002
0.3752220392306214,-1.009769309735761,0.09854404578052822,-2.715685414646828,0.3273631272028013,2.131823345139285,1.570795771375371
0.475222039230621,-1.008429994985713,0.09959797172226104,-2.715699004582802,0.3262956112695861,2.133162659889333,1.570795771271036
0.5752220392306207,-1.007109185148019,0.1006365253434467,-2.715712239592733,0.3252438225835306,2.134483469727027,1.57079577116797
0.6752220392306221,-1.005806441250597,0.1016600789644713,-2.715725144804935,0.3242073636959049,2.135786213624449,1.570795771066144
0.7752220392306217,-1.004521338797888,0.1026689929097699,-2.715737743217915,0.3231858512837391,2.137071316077158,1.570795770965532
0.8752220392306214,-1.003253467175557,0.1036636159558668,-2.715750055887099,0.32217891551511,2.138339187699489,1.570795770866106
0.975222039230621,-1.002002429083631,0.1046442857625607,-2.715762102094629,0.32118619944805,2.139590225791415,1.570795770767842
1.075222039230621,-1.000767839996556,0.1056113292881662,-2.715773899503859,0.3202073584609195,2.14082481487849,1.570795770670715
1.175222039230622,-0.9995493276487895,0.1065650631886399,-2.715785464300268,0.3192420597122236,2.142043327226256,1.570795770574702
1.275222039230622,-0.9983465315446058,0.1075057942013871,-2.715796811319592,0.3182899816288227,2.14324612333044,1.570795770479779
1.375222039230621,-0.9971591024908197,0.1084338195140901,-2.715807954164802,0.3173508134200631,2.144433552384226,1.570795770385923
1.475222039230621,-0.9959867021512618,0.109349427119156,-2.715818905312403,0.3164242546170613,2.145605952723784,1.570795770293113
1.575222039230621,-0.9948290026218811,0.1102528961540088,-2.715829676209637,0.3155100146350946,2.146763652253165,1.570795770201328
1.675222039230622,-0.9936856860253998,0.1111444972279969,-2.715840277362929,0.3146078123583891,2.147906968849646,1.570795770110548
1.775222039230622,-0.9925564441245212,0.1120244927361966,-2.715850718418665,0.3137173757454264,2.149036210750525,1.570795770020751
1.875222039230621,-0.99144097795274,0.1128931371607393,-2.715861008236857,0.3128384414541472,2.150151676922306,1.57079576993192
1.975222039230621,-0.9903389974618548,0.1137506773599171,-2.715871154958279,0.3119707544854293,2.151253657413191,1.570795769844034
2.075222039230621,-0.9892502211853289,0.1145973528457489,-2.715881166065856,0.3111140678443007,2.152342433689717,1.570795769757076
2.175222039230622,-0.9881743759167132,0.1154333960503777,-2.715891048440767,0.3102681422175237,2.153418278958333,1.570795769671028
2.275222039230622,-0.987111196402346,0.1162590325816382,-2.71590080841338,0.3094327456667543,2.1544814584727,1.570795769585873
2.375222039230621,-0.986060425047643,0.1170744814684497,-2.715910451810203,0.3086076533366509,2.155532229827403,1.570795769501593
2.475222039230621,-0.9850218116362655,0.1178799553961767,-2.715919983996457,0.3077926471766261,2.15657084323878,1.570795769418173
2.575222039230621,-0.9839951130615541,0.118675660932638,-2.71592940991502,0.3069875156759281,2.157597541813492,1.570795769335596
2.675222039230622,-0.9829800930696058,0.1194617987448794,-2.715938734122233,0.3061920536111984,2.15861256180544,1.570795769253847
2.775222039230622,-0.9819765220134191,0.1202385638073622,-2.715947960820358,0.3054060618057122,2.159616132861627,1.570795769172911
2.875222039230621,-0.9809841766175746,0.1210061456017399,-2.715957093887369,0.3046293468997874,2.160608478257471,1.570795769092773
2.975222039230621,-0.980002839752931,0.1217647283085626,-2.715966136904342,0.3038617211318808,2.161589815122115,1.570795769013419
3.075222039230621,-0.979032300220839,0.1225144909914206,-2.715975093180191,0.3031030021293759,2.162560354654207,1.570795768934835
0.03362938564082896,-0.9780723525464428,0.1232556077737001,-2.715983965774626,0.3023530127092329,2.163520302328603,1.570795768857007
0.1336293856408286,-0.977122796780594,0.1239882480082315,-2.715992757518961,0.3016115806872506,2.164469858094452,1.570795768779923
0.2336293856408282,-0.9761834383099961,0.1247125764404302,-2.716001471035213,0.3008785386960824,2.16540921656505,1.570795768703568
0.3336293856408279,-0.9752540876751761,0.12542875336473,-2.716010108753494,0.3001537240111247,2.16633856719987,1.570795768627931
0.4336293856408275,-0.9743345603959099,0.1261369347750474,-2.716018672928158,0.2994369783841364,2.167258094479136,1.570795768552999
0.533629385640829,-0.9734246768037593,0.1268372725091638,-2.716027165652292,0.2987281478842192,2.168167978071287,1.570795768478761
0.6336293856408286,-0.9725242618813814,0.1275299143875941,-2.716035588871193,0.2980270827454774,2.169068392993664,1.570795768405205
0.7336293856408282,-0.971633145108298,0.1282150043470551,-2.716043944394755,0.2973336372214135,2.169959509766748,1.570795768332319
0.8336293856408279,-0.9707511603128216,0.128892682568619,-2.716052233908499,0.2966476694453775,2.170841494562224,1.570795768260091
0.9336293856408275,-0.9698781455298575,0.1295630856010064,-2.716060458984032,0.2959690412970417,2.171714509345188,1.570795768188513
1.033629385640829,-0.969013942864315,0.1302263464791622,-2.716068621088425,0.2952976182743896,2.172578712010731,1.570795768117572
1.133629385640829,-0.9681583983598721,0.1308825948381411,-2.716076721592856,0.2946332693711895,2.173434256515174,1.570795768047259
1.233629385640828,-0.9673113618728428,0.1315319570228723,-2.716084761780564,0.293975866959272,2.174281293002203,1.570795767977563
1.333629385640828,-0.9664726869509295,0.1321745561934904,-2.716092742854016,0.2933252866759801,2.175119967924116,1.570795767908474
1.433629385640828,-0.965642230716635,0.1328105124268575,-2.716100665941724,0.292681407315996,2.175950424158411,1.570795767839984
1.533629385640829,-0.964819853755122,0.1334399428142774,-2.716108532104101,0.2920441107275735,2.176772801119924,1.570795767772081
1.633629385640829,-0.9640054200063384,0.1340629615553723,-2.716116342339262,0.2914132817129484,2.177587234868708,1.570795767704759
1.733629385640828,-0.9631987966611999,0.1346796800486629,-2.716124097588022,0.2907888079328131,2.178393858213846,1.570795767638006
1.833629385640828,-0.9623998540616729,0.1352902069786523,-2.716131798738672,0.2901705798144008,2.179192800813373,1.570795767571815
1.933629385640828,-0.9616084656045696,0.135894648399784,-2.716139446631075,0.2895584904633495,2.179984189270476,1.570795767506177
2.033629385640829,-0.9608245076489133,0.136493107817131,-2.716147042060868,0.2889524355789774,2.180768147226133,1.570795767441083
2.133629385640829,-0.9600478594267008,0.1370856862644132,-2.716154585782874,0.2883523133727124,2.181544795448345,1.570795767376526
2.233629385640828,-0.9592784029569321,0.1376724823789459,-2.716162078514515,0.2877580244898184,2.182314251918114,1.570795767312497
2.333629385640828,-0.9585160229627592,0.1382535924740012,-2.716169520938763,0.2871694719340212,2.183076631912287,1.570795767248989
2.433629385640828,-0.9577606067916271,0.1388291106084694,-2.716176913707045,0.2865865609950902,2.183832048083419,1.570795767185993
2.533629385640829,-0.9570120443382755,0.1393991286540768,-2.716184257441626,0.2860091991789204,2.18458061053677,1.570795767123502
2.633629385640829,-0.9562702279704922,0.1399637363602722,-2.716191552738053,0.2854372961406,2.185322426904554,1.57079576706151
2.733629385640828,-0.9555350524574897,0.1405230214166124,-2.716198800167263,0.2848707636195797,2.186057602417556,1.570795767000008
2.833629385640828,-0.9548064149008093,0.1410770695132157,-2.716206000277509,0.2843095153775437,2.186786239974237,1.570795766938989
2.933629385640828,-0.9540842146676369,0.1416259643988553,-2.716213153596129,0.2837534671382684,2.187508440207409,1.570795766878448
3.033629385640829,-0.9533683533264483,0.1421697879371209,-2.71622026063136,0.2832025365300126,2.188224301548598,1.570795766818376
3.133629385640829,-0.952658734584868,0.142708620160704,-2.716227321873589,0.282656643029668,2.188933920290178,1.570795766758768
0.09203673205103513,-0.9519552642296674,0.1432425393236656,-2.716234337796948,0.2821157079090426,2.189637390645379,1.570795766699617
0.1920367320510348,-0.9512578500688171,0.1437716219519984,-2.716241308860504,0.2815796541831332,2.190334804806229,1.570795766640916
0.2920367320510344,-0.9505664018755011,0.1442959428923984,-2.716248235509283,0.2810484065601315,2.191026252999545,1.57079576658266
0.3920367320510358,-0.9498808313340223,0.1448155753595017,-2.716255118175468,0.2805218913931924,2.191711823541024,1.570795766524841
0.4920367320510337,-0.9492010519875187,0.1453305909813878,-2.716261957279471,0.2800000366339361,2.192391602887527,1.570795766467455
0.5920367320510351,-0.94852697918743,0.1458410598435762,-2.716268753230509,0.2794827717875421,2.193065675687616,1.570795766410495
0.6920367320510366,-0.9478585300446345,0.1463470505316309,-2.716275506427678,0.2789700278693772,2.193734124830411,1.570795766353956
0.7920367320510344,-0.9471956233821985,0.1468486301722294,-2.716282217260584,0.2784617373631306,2.194397031492847,1.570795766297832
0.8920367320510358,-0.9465381796896675,0.1473458644730385,-2.716288886110021,0.2779578341803415,2.195054475185378,1.570795766242117
0.9920367320510337,-0.9458861210788574,0.1478388177610555,-2.716295513348655,0.2774582536213472,2.195706533796189,1.570795766186807
1.092036732051035,-0.9452393712410649,0.1483275530198966,-2.716302099341533,0.2769629323374829,2.196353283633981,1.570795766131895
1.192036732051037,-0.9445978554056644,0.14881213192578,-2.716308644446599,0.276471808294616,2.196994799469381,1.570795766077376
1.292036732051034,-0.9439615003000221,0.149292614882313,-2.716315149015202,0.27598482073779,2.197631154575024,1.570795766023246
1.392036732051036,-0.9433302341106953,0.1497690610542008,-2.716321613392438,0.2755019101571463,2.198262420764351,1.5707957659695
1.492036732051034,-0.9427039864458511,0.1502415283999028,-2.716328037917663,0.2750230182548705,2.198888668429195,1.570795765916132
1.592036732051035,-0.9420826882988682,0.1507100737031806,-2.716334422924831,0.2745480879133027,2.199509966576178,1.570795765863138
1.692036732051037,-0.9414662720130798,0.1511747526037368,-2.716340768742725,0.2740770631639293,2.200126382861966,1.570795765810512
1.792036732051034,-0.940854671247616,0.1516356196267168,-2.716347075695296,0.2736098891575978,2.20073798362743,1.570795765758251
1.892036732051036,-0.9402478209442933,0.1520927282114997,-2.71635334410206,0.2731465121354404,2.201344833930753,1.57079576570635
1.992036732051034,-0.9396456572955296,0.1525461307394664,-2.716359574278215,0.2726868794009363,2.201946997579516,1.570795765654803
2.092036732051035,-0.9390481177132379,0.1529958785608869,-2.716365766534864,0.2722309392926547,2.202544537161808,1.570795765603608
2.192036732051037,-0.9384551407986672,0.1534420220210677,-2.716371921179302,0.2717786411580221,2.203137514076379,1.570795765552759
2.292036732051034,-0.9378666663131532,0.1538846104855907,-2.716378038515188,0.2713299353277989,2.203725988561893,1.570795765502253
2.392036732051036,-0.937282635149753,0.1543236923648692,-2.716384118842598,0.270884773091467,2.204310019725293,1.570795765452084
2.492036732051034,-0.9367029893057186,0.1547593151379658,-2.71639016245831,0.2704431066731559,2.204889665569327,1.57079576540225
2.592036732051035,-0.936127671855806,0.1551915253755567,-2.716396169655923,0.2700048892085931,2.20546498301924,1.570795765352745
2.692036732051037,-0.9355566269263558,0.1556203687623565,-2.716402140726018,0.2695700747225658,2.20603602794869,1.570795765303567
2.792036732051034,-0.9349897996701459,0.1560458901188042,-2.71640807595611,0.2691386181070072,2.2066028552049,1.570795765254711
2.892036732051036,-0.9344271362419798,0.1564681334220666,-2.716413975631042,0.2687104750999936,2.207165518633066,1.570795765206173
2.992036732051034,-0.9338685837749843,0.1568871418265587,-2.716419840032756,0.2682856022651663,2.207724071100062,1.570795765157949
3.092036732051035,-0.9333140903575927,0.1573029576836404,-2.716425669440582,0.2678639569717518,2.208278564517453,1.570795765110037
0.05044407846124344,-0.9327636050111936,0.1577156225609713,-2.716431464131347,0.26744549737532,2.208829049863852,1.570795765062432
0.1504440784612413,-0.9322170776684131,0.1581251772611552,-2.716437224379263,0.2670301823990258,2.209375577206633,1.57079576501513
0.2504440784612427,-0.9316744591520267,0.1585316618398167,-2.716442950456212,0.2666179717153909,2.209918195723019,1.570795764968129
0.3504440784612441,-0.9311357011544596,0.1589351156233079,-2.716448642631633,0.2662088257286257,2.210456953720586,1.570795764921425
0.450444078461242,-0.9306007562178689,0.1593355772257325,-2.716454301172632,0.2658027055574905,2.210991898657177,1.570795764875013
0.5504440784612434,-0.9300695777147832,0.1597330845656302,-2.716459926344157,0.2653995730185272,2.211523077160263,1.570795764828892
0.6504440784612413,-0.929542119829283,0.1601276748821192,-2.716465518408768,0.2649993906100292,2.212050535045763,1.570795764783058
0.7504440784612427,-0.9290183375387069,0.1605193847505575,-2.71647107762692,0.264602121496182,2.212574317336339,1.570795764737507
0.8504440784612441,-0.9284981865958568,0.1609082500977763,-2.716476604256911,0.2642077294918579,2.213094468279189,1.570795764692237
0.950444078461242,-0.9279816235116942,0.1612943062169734,-2.716482098554934,0.2638161790476374,2.213611031363352,1.570795764647244
1.050444078461243,-0.9274686055385142,0.1616775877820658,-2.716487560775136,0.2634274352355703,2.214124049336532,1.570795764602526
1.150444078461241,-0.9269590906535696,0.1620581288616734,-2.716492991169503,0.2630414637349361,2.214633564221476,1.570795764558078
1.250444078461243,-0.9264530375431437,0.1624359629328183,-2.716498389988089,0.2626582308187153,2.215139617331902,1.570795764513899
1.350444078461244,-0.9259504055870496,0.1628111228941407,-2.716503757478847,0.2622777033402599,2.215642249287996,1.570795764469985
1.450444078461242,-0.9254511548435489,0.1631836410787173,-2.716509093887851,0.2618998487204749,2.216141500031497,1.570795764426333
1.550444078461243,-0.9249552460346617,0.1635535492667373,-2.716514399459129,0.2615246349350855,2.216637408840384,1.570795764382942
1.650444078461241,-0.9244626405318801,0.1639208786975814,-2.716519674434778,0.2611520305026147,2.217130014343166,1.570795764339806
1.750444078461243,-0.9239733003422499,0.1642856600817311,-2.716524919055018,0.2607820044724178,2.217619354532796,1.570795764296925
1.850444078461244,-0.9234871880948177,0.1646479236123355,-2.716530133558081,0.2604145264130864,2.218105466780228,1.570795764254296
1.950444078461242,-0.9230042670274372,0.1650076989764102,-2.716535318180377,0.2600495664011646,2.218588387847609,1.570795764211915
2.050444078461243,-0.9225245009739167,0.1653650153658646,-2.716540473156329,0.2596870950103209,2.219068153901129,1.570795764169781
2.150444078461241,-0.9220478543514981,0.1657199014880462,-2.716545598718596,0.2593270833005761,2.219544800523548,1.570795764127889
2.250444078461243,-0.921574292148656,0.1660723855762001,-2.716550695097908,0.2589695028079007,2.22001836272639,1.570795764086239
2.350444078461244,-0.9211037799132176,0.1664224953995586,-2.716555762523171,0.2586143255342108,2.220488874961828,1.570795764044828
2.450444078461242,-0.9206362837407762,0.1667702582731749,-2.716560801221476,0.2582615239373638,2.22095637113427,1.570795764003652
2.550444078461243,-0.9201717702634071,0.1671157010674733,-2.716565811418093,0.2579110709216934,2.221420884611639,1.57079576396271
2.650444078461241,-0.9197102066386598,0.1674588502176562,-2.716570793336416,0.2575629398285457,2.221882448236386,1.570795763922
2.750444078461243,-0.9192515605388389,0.1677997317327424,-2.716575747198021,0.2572171044272977,2.222341094336207,1.570795763881518
2.850444078461244,-0.9187958001405421,0.1681383712044635,-2.716580673222779,0.2568735389064045,2.222796854734504,1.570795763841263
2.950444078461242,-0.9183428941144629,0.1684747938159319,-2.716585571628684,0.2565322178647023,2.223249760760583,1.570795763801232
3.050444078461243,-0.9178928116154501,0.1688090243500255,-2.716590442632082,0.2561931163030806,2.223699843259596,1.570795763761423
0.008851424871448188,-0.9174455222728062,0.1691410871975734,-2.716595286447387,0.2558562096161836,2.22414713260224,1.570795763721834
0.1088514248714496,-0.9170009961808288,0.169471006365427,-2.716600103287362,0.2555214735844515,2.224591658694217,1.570795763682463
0.208851424871451,-0.9165592038895811,0.1697988054842199,-2.716604893362955,0.2551888843662482,2.225033450985465,1.570795763643307
0.3088514248714489,-0.9161201163958879,0.1701245078160127,-2.716609656883406,0.2548584184902722,2.225472538479158,1.570795763604364
0.4088514248714503,-0.9156837051345517,0.1704481362616548,-2.716614394056251,0.254530052848196,2.225908949740494,1.570795763565633
0.5088514248714482,-0.9152499419697744,0.1707697133681165,-2.716619105087261,0.2542037646872473,2.226342712905272,1.570795763527111
0.6088514248714496,-0.9148187991867944,0.1710892613354815,-2.716623790180506,0.2538795316033031,2.226773855688251,1.570795763488796
0.708851424871451,-0.9143902494837133,0.1714068020238244,-2.716628449538348,0.2535573315338695,2.227202405391333,1.570795763450686
0.8088514248714489,-0.9139642659635268,0.1717223569600037,-2.716633083361444,0.2532371427514875,2.227628388911519,1.570795763412779
0.9088514248714503,-0.9135408221263379,0.1720359473441704,-2.716637691848746,0.2529189438569972,2.228051832748708,1.570795763375074
1.008851424871448,-0.9131198918617569,0.1723475940561912,-2.716642275197557,0.2526027137732569,2.228472763013289,1.570795763337568
1.10885142487145,-0.9127014494414785,0.1726573176618729,-2.716646833603534,0.2522884317388048,2.228891205433567,1.57079576330026
1.208851424871451,-0.912285469512033,0.1729651384191015,-2.716651367260567,0.2519760773018049,2.229307185363013,1.570795763263147
1.308851424871449,-0.9118719270877067,0.1732710762837826,-2.716655876361017,0.2516656303140792,2.229720727787339,1.570795763226228
1.40885142487145,-0.9114607975436253,0.1735751509155818,-2.716660361095535,0.2513570709252519,2.230131857331421,1.5707957631895
1.508851424871448,-0.9110520566089968,0.1738773816837522,-2.716664821653183,0.251050379577066,2.230540598266049,1.570795763152963
1.60885142487145,-0.9106456803605103,0.1741777876725621,-2.716669258221373,0.2507455369978118,2.230946974514536,1.570795763116614
1.708851424871451,-0.9102416452158888,0.1744763876867239,-2.71667367098587,0.2504425241969841,2.231351009659157,1.570795763080452
1.808851424871449,-0.9098399279275817,0.1747732002567375,-2.716678060130846,0.2501413224599105,2.231752726947464,1.570795763044475
1.90885142487145,-0.909440505576609,0.1750682436439774,-2.71668242583894,0.2498419133425784,2.232152149298437,1.570795763008681
2.008851424871448,-0.9090433555665363,0.1753615358458376,-2.716686768291197,0.2495442786666331,2.23254929930851,1.570795762973068
2.10885142487145,-0.9086484556175907,0.1756530946005341,-2.716691087667016,0.2492484005143751,2.232944199257455,1.570795762937635
2.208851424871451,-0.9082557837609082,0.1759429373920511,-2.716695384144259,0.2489542612239575,2.233336871114138,1.570795762902381
2.308851424871449,-0.9078653183329051,0.1762310814547732,-2.716699657899255,0.2486618433846672,2.233727336542141,1.570795762867303
2.40885142487145,-0.9074770379697821,0.1765175437781181,-2.716703909106798,0.248371129832293,2.234115616905264,1.5707957628324
2.508851424871448,-0.9070909216021401,0.1768023411110278,-2.716708137940145,0.2480821036446628,2.234501733272906,1.570795762797671
2.60885142487145,-0.9067069484497225,0.1770854899663732,-2.716712344570965,0.2477947481372098,2.234885706425323,1.570795762763114
2.708851424871451,-0.90632509801627,0.177367006625218,-2.716716529169503,0.2475090468586245,2.235267556858776,1.570795762728727
2.808851424871449,-0.9059453500844885,0.1776469071410816,-2.71672069190447,0.2472249835866762,2.235647304790557,1.570795762694508
2.90885142487145,-0.9055676847111234,0.177925207343975,-2.7167248329431,0.2469425423241489,2.236024970163923,1.570795762660458
3.008851424871448,-0.9051920822221451,0.1782019228444938,-2.716728952451149,0.2466617072946917,2.236400572652901,1.570795762626573
3.10885142487145,-0.9048185232080361,0.1784770690377115,-2.716733050592836,0.2463824629389819,2.23677413166701,1.570795762592852
0.06725877128165791,-0.9044469885191782,0.1787506611070171,-2.716737127530962,0.2461047939108028,2.237145666355868,1.570795762559295
0.1672587712816558,-0.9040774592613419,0.179022714027866,-2.716741183426905,0.2458286850733202,2.237515195613704,1.570795762525899
0.2672587712816572,-0.9037099167912674,0.1792932425715321,-2.716745218440622,0.2455541214953598,2.237882738083778,1.570795762492664
0.3672587712816551,-0.9033443427123453,0.1795622613086323,-2.716749232730592,0.2452810884478538,2.238248312162701,1.570795762459587
0.4672587712816565,-0.9029807188703804,0.1798297846126218,-2.716753226453875,0.2450095714001748,2.238611936004665,1.570795762426668
0.5672587712816579,-0.9026190273494552,0.1800958266633472,-2.716757199766164,0.2447395560168673,2.238973627525591,1.570795762393906
0.6672587712816558,-0.9022592504678686,0.1803604014503151,-2.716761152821789,0.2444710281540949,2.239333404407177,1.570795762361297
0.7672587712816572,-0.9019013707741697,0.1806235227760453,-2.716765085773602,0.244203973856429,2.239691284100876,1.570795762328843
0.8672587712816551,-0.9015453710432668,0.1808852042593116,-2.716768998773148,0.2439383793535796,2.240047283831779,1.57079576229654
0.9672587712816565,-0.9011912342726243,0.1811454593382393,-2.716772891970606,0.2436742310572413,2.240401420602422,1.570795762264389
1.067258771281658,-0.9008389436785276,0.1814043012734885,-2.716776765514794,0.2434115155579377,2.240753711196518,1.570795762232387
1.167258771281656,-0.9004884826924373,0.18166174315121,-2.716780619553219,0.2431502196220094,2.241104172182609,1.570795762200534
1.267258771281657,-0.9001398349574066,0.1819177978860296,-2.716784454232027,0.2428903301886862,2.241452819917639,1.570795762168828
1.367258771281655,-0.8997929843245829,0.1821724782239755,-2.716788269696053,0.2426318343670744,2.241799670550463,1.570795762137268
1.467258771281656,-0.8994479148497683,0.1824257967453207,-2.716792066088885,0.2423747194333714,2.242144740025278,1.570795762105853
1.567258771281658,-0.899104610790062,0.1826777658673393,-2.716795843552688,0.2421189728280524,2.242488044084984,1.570795762074581
1.667258771281656,-0.8987630566005613,0.1829283978470642,-2.716799602228491,0.2418645821531413,2.242829598274485,1.570795762043452
1.767258771281657,-0.8984232369311331,0.183177704783958,-2.716803342255957,0.2416115351694827,2.243169417943913,1.570795762012464
1.867258771281655,-0.8980851366232496,0.1834256986225,-2.716807063773558,0.2413598197941269,2.243507518251796,1.570795761981616
1.967258771281656,-0.8977487407068865,0.1836723911548006,-2.716810766918456,0.2411094240978287,2.243843914168159,1.570795761950907
2.067258771281658,-0.8974140343974826,0.1839177940230456,-2.716814451826565,0.2408603363024042,2.244178620477563,1.570795761920336
2.167258771281656,-0.8970810030929615,0.1841619187220545,-2.716818118632659,0.2406125447783438,2.244511651782084,1.570795761889901
2.267258771281657,-0.8967496323708088,0.1844047766015819,-2.716821767470208,0.2403660380423673,2.244843022504237,1.570795761859603
2.367258771281655,-0.8964199079852113,0.1846463788687913,-2.716825398471485,0.2401208047550369,2.245172746889835,1.570795761829439
2.467258771281656,-0.8960918158642484,0.1848867365904709,-2.716829011767629,0.2398768337184833,2.245500839010798,1.570795761799408
2.567258771281658,-0.8957653421071368,0.185125860695365,-2.716832607488527,0.2396341138740183,2.245827312767909,1.57079576176951
2.667258771281656,-0.8954404729815355,0.1853637619763902,-2.716836185762929,0.2393926342999748,2.24615218189351,1.570795761739743
2.767258771281657,-0.8951171949208963,0.1856004510928528,-2.716839746718449,0.2391523842094898,2.24647545995415,1.570795761710107
2.867258771281655,-0.8947954945218686,0.1858359385724668,-2.716843290481449,0.2389133529484013,2.246797160353177,1.5707957616806
2.967258771281656,-0.8944753585417544,0.1860702348135987,-2.71684681717727,0.2386755299930599,2.247117296333291,1.570795761651221
3.067258771281658,-0.8941567738960101,0.1863033500872575,-2.716850326930057,0.2384389049483104,2.247435880979036,1.57079576162197
0.02566611769186267,-0.8938397276557968,0.1865352945390555,-2.71685381986282,0.2382034675455031,2.247752927219249,1.570795761592845
0.1256661176918641,-0.8935242070455791,0.1867660781912832,-2.716857296097487,0.2379692076404183,2.248068447829467,1.570795761563845
0.225666117691862,-0.8932101994407655,0.1869957109448137,-2.716860755754908,0.2377361152113622,2.24838245543428,1.57079576153497
0.3256661176918634,-0.8928976923653966,0.1872242025809783,-2.716864198954852,0.2375041803572628,2.248694962509649,1.570795761506219
0.4256661176918648,-0.8925866734898777,0.1874515627634139,-2.716867625815894,0.2372733932958226,2.249005981385168,1.57079576147759
0.5256661176918627,-0.8922771306287491,0.187677801039996,-2.716871036455643,0.2370437443615856,2.249315524246297,1.570795761449082
0.6256661176918641,-0.8919690517385024,0.1879029268445152,-2.716874430990629,0.236815224004232,2.249623603136544,1.570795761420695
0.725666117691862,-0.8916624249154359,0.1881269494984963,-2.716877809536356,0.2365878227867597,2.24993022995961,1.570795761392428
0.8256661176918634,-0.8913572383935486,0.1883498782129323,-2.716881172207252,0.2363615313837499,2.250235416481497,1.57079576136428
0.9256661176918648,-0.8910534805424768,0.1885717220899608,-2.716884519116718,0.236136340579634,2.250539174332569,1.570795761336249
1.025666117691863,-0.8907511398654644,0.1887924901244844,-2.716887850377134,0.2359122412671013,2.250841515009582,1.570795761308336
1.125666117691864,-0.8904502049973742,0.1890121912059044,-2.716891166099913,0.2356892244453945,2.251142449877672,1.570795761280539
1.225666117691862,-0.8901506647027322,0.1892308341196269,-2.716894466395445,0.2354672812187175,2.251441990172314,1.570795761252857
1.325666117691863,-0.8898525078738091,0.1894484275486832,-2.716897751373097,0.2352464027946439,2.251740147001237,1.57079576122529
1.425666117691865,-0.889555723528737,0.1896649800752925,-2.716901021141268,0.235026580482554,2.252036931346309,1.570795761197836
1.525666117691863,-0.8892603008096622,0.1898805001822836,-2.716904275807451,0.234807805692185,2.252332354065384,1.570795761170495
1.625666117691864,-0.8889662289809257,0.1900949962546576,-2.716907515478056,0.2345900699320396,2.25262642589412,1.570795761143266
1.725666117691862,-0.8886734974272814,0.1903084765810661,-2.716910740258697,0.2343733648079365,2.252919157447764,1.570795761116149
1.825666117691863,-0.8883820956521435,0.1905209493551752,-2.716913950253911,0.2341576820216176,2.253210559222902,1.570795761089141
1.925666117691865,-0.8880920132758687,0.1907324226770868,-2.716917145567322,0.233943013369327,2.253500641599177,1.570795761062244
2.025666117691863,-0.887803240034065,0.1909429045547597,-2.716920326301704,0.2337293507403899,2.253789414840981,1.570795761035455
2.125666117691864,-0.8875157657759307,0.1911524029053737,-2.716923492558806,0.23351668611582,2.254076889099115,1.570795761008773
2.225666117691862,-0.8872295804626287,0.1913609255565518,-2.716926644439582,0.2333050115670972,2.254363074412417,1.5707957609822
2.325666117691863,-0.8869446741656781,0.1915684802478097,-2.716929782044076,0.2330943192546613,2.254647980709368,1.570795760955732
2.425666117691865,-0.8866610370653878,0.1917750746317211,-2.71693290547131,0.2328846014268322,2.254931617809658,1.57079576092937
2.525666117691863,-0.8863786594493059,0.1919807162752818,-2.716936014819623,0.2326758504183886,2.25521399542574,1.570795760903114
2.625666117691864,-0.8860975317107034,0.1921854126610754,-2.716939110186331,0.2324680586493741,2.255495123164343,1.570795760876961
2.725666117691862,-0.8858176443470809,0.1923891711884949,-2.716942191667897,0.2322612186238757,2.255775010527965,1.570795760850912
2.825666117691863,-0.8855389879587015,0.1925919991749936,-2.716945259360045,0.2320553229288294,2.256053666916344,1.570795760824965
2.925666117691865,-0.8852615532471511,0.1927939038571651,-2.716948313357534,0.2318503642327983,2.256331101627895,1.570795760799121
3.025666117691863,-0.8849853310139193,0.1929948923920222,-2.716951353754382,0.2316463352848075,2.256607323861127,1.570795760773378
3.125666117691864,-0.8847103121590121,0.1931949718579915,-2.716954380643699,0.2314432289132924,2.256882342716034,1.570795760747735
0.08407346410206884,-0.8844364876795776,0.193394149256136,-2.716957394117799,0.231241038024848,2.257156167195468,1.570795760722192
0.1840734641020703,-0.8841638486685657,0.1935924315112061,-2.716960394268199,0.2310397556032342,2.25742880620648,1.570795760696749
0.2840734641020717,-0.8838923863134038,0.1937898254727202,-2.716963381185622,0.2308393747082391,2.257700268561642,1.570795760671404
0.3840734641020696,-0.8836220918946989,0.1939863379159874,-2.716966354959936,0.2306398884746557,2.257970562980347,1.570795760646156
0.484073464102071,-0.8833529567849578,0.1941819755432164,-2.716969315680274,0.2304412901111448,2.258239698090088,1.570795760621006
0.5840734641020688,-0.8830849724473326,0.1943767449844813,-2.716972263434968,0.2302435728992975,2.258507682427713,1.570795760595952
0.6840734641020703,-0.8828181304343854,0.194570652798717,-2.716975198311559,0.2300467301925835,2.258774524440661,1.570795760570995
0.7840734641020717,-0.8825524223868735,0.1947637054747702,-2.716978120396902,0.2298507554154128,2.259040232488172,1.570795760546132
0.8840734641020731,-0.8822878400325549,0.1949559094323092,-2.716981029777003,0.2296556420620561,2.259304814842491,1.570795760521364
0.9840734641020674,-0.8820243751850145,0.1951472710227904,-2.716983926537182,0.2294613836957353,2.259568279690031,1.570795760496689
1.084073464102069,-0.88176201974251,0.1953377965303957,-2.71698681076191,0.2292679739477705,2.259830635132536,1.570795760472108
1.18407346410207,-0.8815007656868348,0.1955274921729711,-2.716989682535086,0.229075406516472,2.260091889188211,1.57079576044762
1.284073464102072,-0.8812406050822008,0.1957163641029069,-2.71699254193976,0.2288836751663439,2.260352049792845,1.570795760423223
1.384073464102073,-0.8809815300741426,0.1959044184080199,-2.716995389058297,0.2286927737272038,2.260611124800903,1.570795760398918
1.484073464102067,-0.8807235328884326,0.1960916611124901,-2.716998223972382,0.2285026960932441,2.260869121986613,1.570795760374704
1.584073464102069,-0.8804666058300219,0.1962780981776859,-2.717001046762903,0.2283134362221517,2.261126049045024,1.57079576035058
1.68407346410207,-0.8802107412819917,0.1964637355029595,-2.717003857510178,0.2281249881343115,2.261381913593054,1.570795760326545
1.784073464102072,-0.8799559317045249,0.1966485789265562,-2.717006656293734,0.2279373459119256,2.261636723170521,1.5707957603026
1.884073464102073,-0.8797021696338958,0.1968326342263822,-2.71700944319241,0.2277505036981893,2.26189048524115,1.570795760278743
1.984073464102067,-0.8794494476814729,0.197015907120857,-2.717012218284424,0.2275644556965233,2.262143207193573,1.570795760254973
2.084073464102069,-0.8791977585327393,0.197198403269681,-2.71701498164731,0.2273791961697214,2.262394896342307,1.570795760231291
2.18407346410207,-0.8789470949463278,0.197380128274574,-2.71701773335792,0.2271947194391544,2.262645559928718,1.570795760207696
2.284073464102072,-0.8786974497530728,0.1975610876801284,-2.717020473492482,0.2270110198840314,2.262895205121973,1.570795760184186
2.384073464102073,-0.8784488158550783,0.197741286974491,-2.717023202126484,0.2268280919407175,2.263143839019968,1.570795760160762
2.484073464102067,-0.8782011862247967,0.197920731590159,-2.717025919334844,0.226645930101796,2.263391468650249,1.570795760137423
2.584073464102069,-0.877954553904126,0.1980994269046334,-2.717028625191858,0.2264645289154714,2.26363810097092,1.570795760114169
2.68407346410207,-0.8777089120035186,0.1982773782412153,-2.717031319771138,0.2262838829848306,2.263883742871527,1.570795760090998
2.784073464102072,-0.8774642537011066,0.1984545908696873,-2.71703400314567,0.2261039869670753,2.264128401173939,1.570795760067911
2.884073464102073,-0.8772205722418391,0.1986310700069964,-2.717036675387874,0.2259248355728687,2.264372082633207,1.570795760044907
2.984073464102067,-0.8769778609366332,0.1988068208179641,-2.717039336569542,0.2257464235655959,2.264614793938413,1.570795760021985
3.084073464102069,-0.8767361131615394,0.1989818484159116,-2.717041986761785,0.2255687457607962,2.264856541713506,1.570795759999145
0.0424808105122807,-0.8764953223569187,0.1991561578633991,-2.717044626035204,0.2253917970253383,2.265097332518127,1.570795759976386
0.1424808105122821,-0.8762554820266324,0.1993297541728225,-2.717047254459771,0.2252155722768521,2.265337172848414,1.570795759953708
0.2424808105122835,-0.8760165857372453,0.1995026423070385,-2.717049872104838,0.2250400664831034,2.265576069137801,1.57079575993111
0.3424808105122779,-0.8757786271172412,0.1996748271800755,-2.717052479039239,0.2248652746612834,2.265814027757805,1.570795759908592
0.4424808105122793,-0.8755415998562492,0.1998463136576447,-2.717055075331132,0.2246911918774401,2.266051055018797,1.570795759886153
0.5424808105122807,-0.875305497704284,0.2000171065578513,-2.717057661048216,0.224517813245825,2.266287157170762,1.570795759863793
0.6424808105122821,-0.875070314470995,0.2001872106517908,-2.717060236257566,0.2243451339282672,2.266522340404051,1.570795759841511
0.7424808105122835,-0.8748360440249301,0.2003566306640323,-2.717062801025691,0.2241731491336623,2.266756610850116,1.570795759819307
0.8424808105122779,-0.8746026802928069,0.2005253712733577,-2.717065355418526,0.2240018541172901,2.266989974582239,1.57079575979718
0.9424808105122793,-0.8743702172587993,0.2006934371132445,-2.717067899501558,0.2238312441802464,2.267222437616247,1.570795759775129
1.042480810512281,-0.8741386489638301,0.2008608327724346,-2.717070433339586,0.2236613146689024,2.267454005911216,1.570795759753156
1.142480810512282,-0.8739079695048795,0.2010275627955309,-2.717072956997015,0.2234920609743369,2.267684685370166,1.570795759731258
1.242480810512284,-0.8736781730342993,0.2011936316834806,-2.717075470537623,0.2233234785317961,2.267914481840747,1.570795759709435
1.342480810512278,-0.8734492537591394,0.2013590438942288,-2.717077974024619,0.2231555628200681,2.268143401115907,1.570795759687688
1.442480810512279,-0.8732212059404865,0.2015238038431164,-2.717080467520816,0.2229883093610567,2.268371448934559,1.570795759666014
1.542480810512281,-0.8729940238928071,0.2016879159035057,-2.717082951088457,0.2228217137191564,2.268598630982239,1.570795759644415
1.642480810512282,-0.8727677019833062,0.2018513844072629,-2.717085424789218,0.2226557715007971,2.26882495289174,1.57079575962289
1.742480810512284,-0.872542234631291,0.2020142136452705,-2.717087888684318,0.2224904783539046,2.269050420243755,1.570795759601437
1.842480810512278,-0.8723176163075474,0.2021764078679382,-2.717090342834467,0.2223258299673319,2.269275038567498,1.570795759580058
1.942480810512279,-0.8720938415337249,0.2023379712856297,-2.717092787299919,0.2221618220705182,2.269498813341321,1.570795759558751
2.042480810512281,-0.8718709048817272,0.2024989080692308,-2.717095222140301,0.2219984504328636,2.269721749993319,1.570795759537515
2.142480810512282,-0.8716488009731163,0.2026592223506327,-2.717097647414903,0.2218357108632176,2.26994385390193,1.570795759516351
2.242480810512284,-0.8714275244785226,0.2028189182231301,-2.7171000631825,0.2216735992095664,2.270165130396523,1.570795759495258
2.342480810512278,-0.8712070701170651,0.202977999741961,-2.717102469501299,0.2215121113583791,2.270385584757981,1.570795759474235
2.442480810512279,-0.8709874326557787,0.2031364709247327,-2.717104866429111,0.2213512432342952,2.270605222219267,1.570795759453282
2.542480810512281,-0.870768606909051,0.2032943357518207,-2.71710725402329,0.2211909907995846,2.270824047965995,1.570795759432399
2.642480810512282,-0.8705505877380655,0.2034515981669358,-2.71710963234068,0.2210313500536927,2.27104206713698,1.570795759411586
2.742480810512284,-0.8703333700502549,0.2036082620774664,-2.71711200143767,0.2208723170328142,2.271259284824791,1.570795759390841
2.842480810512278,-0.8701169487987617,0.203764331354904,-2.717114361370193,0.2207138878095236,2.271475706076284,1.570795759370165
2.942480810512279,-0.8699013189819049,0.2039198098353552,-2.717116712193786,0.2205560584922068,2.271691335893141,1.570795759349557
3.042480810512281,-0.8696864756426561,0.2040747013198541,-2.717119053963472,0.2203988252247484,2.27190617923239,1.570795759329016
0.0008881569224854502,-0.8694724138681234,0.204229009574874,-2.717121386733879,0.2202421841861053,2.272120241006923,1.570795759308544
0.1008881569224869,-0.8692591287890403,0.204382738332697,-2.717123710559122,0.2200861315898521,2.272333526086006,1.570795759288137
0.2008881569224812,-0.8690466155792653,0.204535891291755,-2.717126025492973,0.2199306636838116,2.272546039295781,1.570795759267798
0.3008881569224826,-0.8688348694552843,0.2046884721171125,-2.717128331588754,0.2197757767496,2.272757785419762,1.570795759247524
0.400888156922484,-0.8686238856757238,0.2048404844408083,-2.717130628899326,0.2196214671022858,2.272968769199322,1.570795759227316
0.5008881569224855,-0.8684136595408694,0.2049919318622813,-2.717132917477102,0.219467731089992,2.273178995334177,1.570795759207174
0.6008881569224869,-0.8682041863921905,0.2051428179487118,-2.717135197374205,0.219314565093498,2.273388468482855,1.570795759187097
0.7008881569224883,-0.8679954616118732,0.2052931462353911,-2.717137468642193,0.2191619655258989,2.273597193263173,1.570795759167084
0.8008881569224826,-0.8677874806223582,0.205442920226119,-2.717139731332281,0.2190099288321505,2.273805174252688,1.570795759147136
0.900888156922484,-0.8675802388858864,0.2055921433935453,-2.717141985495346,0.2188584514888419,2.274012415989159,1.570795759127251
1.000888156922485,-0.8673737319040491,0.2057408191795105,-2.717144231181749,0.2187075300036554,2.274218922970997,1.57079575910743
1.100888156922487,-0.867167955217345,0.2058889509954724,-2.717146468441513,0.2185571609151395,2.274424699657701,1.570795759087672
1.200888156922488,-0.8669629044047471,0.2060365422227903,-2.717148697324262,0.2184073407923393,2.274629750470299,1.570795759067977
1.300888156922483,-0.8667585750832676,0.2061835962130658,-2.717150917879223,0.2182580662344265,2.274834079791778,1.570795759048345
1.400888156922484,-0.866554962907538,0.2063301162884841,-2.717153130155225,0.2181093338703306,2.275037691967508,1.570795759028774
1.500888156922485,-0.8663520635693875,0.2064761057421833,-2.717155334200754,0.2179611403584829,2.275240591305658,1.570795759009266
1.600888156922487,-0.8661498727974308,0.2066215678385674,-2.717157530063844,0.21781348238639,2.275442782077615,1.570795758989818
1.700888156922488,-0.8659483863566604,0.2067665058136186,-2.717159717792242,0.217666356670378,2.275644268518386,1.570795758970432
1.800888156922483,-0.8657476000480462,0.2069109228752097,-2.7171618974333,0.2175197599552234,2.275845054827,1.570795758951107
1.900888156922484,-0.8655475097081382,0.2070548222034461,-2.717164069033913,0.2173736890138684,2.276045145166908,1.570795758931842
2.000888156922485,-0.8653481112086752,0.2071982069509488,-2.71716623264075,0.2172281406470802,2.276244543666371,1.570795758912637
2.100888156922487,-0.8651494004561995,0.2073410802431965,-2.717168388300024,0.217083111683138,2.276443254418846,1.570795758893492
2.200888156922488,-0.8649513733916767,0.2074834451787808,-2.717170536057608,0.2169385989775776,2.276641281483369,1.570795758874406
2.300888156922483,-0.8647540259901212,0.2076253048297474,-2.717172675959034,0.2167945994128218,2.276838628884925,1.570795758855379
2.400888156922484,-0.8645573542602221,0.2077666622418803,-2.717174808049549,0.2166511098978958,2.277035300614824,1.570795758836411
2.500888156922485,-0.8643613542439827,0.2079075204349863,-2.717176932373889,0.2165081273681722,2.277231300631063,1.570795758817502
2.600888156922487,-0.8641660220163572,0.2080478824031502,-2.717179048976561,0.2163656487850858,2.277426632858689,1.57079575879865
2.700888156922488,-0.8639713536848954,0.2081877511150765,-2.717181157901734,0.2162236711357934,2.27762130119015,1.570795758779857
2.800888156922483,-0.8637773453893915,0.2083271295143447,-2.717183259193177,0.2160821914329176,2.277815309485654,1.570795758761121
2.900888156922484,-0.8635839933015386,0.2084660205196656,-2.717185352894376,0.2159412067142625,2.278008661573507,1.570795758742442
3.000888156922485,-0.8633912936245864,0.2086044270251648,-2.717187439048473,0.2158007140425582,2.278201361250459,1.57079575872382
3.100888156922487,-0.8631992425930037,0.2087423519006393,-2.717189517698273,0.2156607105052046,2.278393412282042,1.570795758705254
0.05929550333269162,-0.8630078364721445,0.2088797979918979,-2.717191588886294,0.2155211932139025,2.278584818402901,1.570795758686745
0.1592955033326859,-0.8628170715579229,0.2090167681208754,-2.717193652654657,0.2153821593045677,2.278775583317123,1.570795758668292
0.2592955033326874,-0.8626269441764842,0.2091532650860302,-2.7171957090452,0.2152436059369052,2.278965710698562,1.570795758649894
0.3592955033326888,-0.8624374506838892,0.2092892916625146,-2.717197758099474,0.2151055302942098,2.279155204191157,1.570795758631552
0.4592955033326902,-0.8622485874657957,0.2094248506024883,-2.717199799858633,0.2149679295831675,2.27934406740925,1.570795758613265
0.5592955033326916,-0.8620603509371474,0.2095599446352594,-2.717201834363664,0.2148308010335143,2.279532303937899,1.570795758595033
0.6592955033326859,-0.8618727375418667,0.2096945764676548,-2.717203861655094,0.2146941418978372,2.279719917333179,1.570795758576855
0.7592955033326874,-0.8616857437525507,0.2098287487841901,-2.717205881773225,0.214557949451347,2.279906911122495,1.570795758558731
0.8592955033326888,-0.8614993660701709,0.2099624642473259,-2.717207894758076,0.2144222209915938,2.280093288804875,1.570795758540661
0.9592955033326902,-0.8613136010237779,0.2100957254976947,-2.717209900649266,0.2142869538382968,2.280279053851268,1.570795758522645
1.059295503332692,-0.861128445170209,0.2102285351543003,-2.717211899486244,0.2141521453330029,2.280464209704837,1.570795758504683
1.159295503332686,-0.8609438950937998,0.21036089581483,-2.71721389130812,0.2140177928389733,2.280648759781246,1.570795758486773
1.259295503332687,-0.8607599474060983,0.210492810055797,-2.717215876153659,0.2138838937408423,2.280832707468948,1.570795758468916
1.359295503332689,-0.860576598745586,0.2106242804327962,-2.717217854061346,0.213750445444532,2.28101605612946,1.570795758451112
1.45929550333269,-0.860393845777399,0.2107553094807599,-2.717219825069435,0.2136174453768831,2.281198809097647,1.57079575843336
1.559295503332692,-0.8602116851930539,0.2108858997140999,-2.717221789215898,0.2134848909855407,2.281380969681992,1.57079575841566
1.659295503332686,-0.8600301137101773,0.2110160536269632,-2.717223746538366,0.2133527797386705,2.281562541164869,1.570795758398011
1.759295503332687,-0.8598491280722382,0.2111457736934881,-2.717225697074241,0.2132211091247882,2.281743526802808,1.570795758380414
1.859295503332689,-0.8596687250482855,0.2112750623678892,-2.717227640860642,0.2130898766525036,2.28192392982676,1.570795758362868
1.95929550333269,-0.8594889014326861,0.2114039220847985,-2.717229577934404,0.2129590798504069,2.28210375344236,1.570795758345374
2.059295503332692,-0.8593096540448686,0.2115323552593793,-2.717231508332134,0.2128287162667561,2.282283000830177,1.570795758327929
2.159295503332686,-0.8591309797290667,0.2116603642875532,-2.717233432090097,0.2126987834692784,2.282461675145979,1.570795758310535
2.259295503332687,-0.8589528753540732,0.2117879515462278,-2.717235349244277,0.2125692790450842,2.282639779520973,1.570795758293192
2.359295503332689,-0.8587753378129892,0.2119151193934385,-2.717237259830483,0.212440200600355,2.282817317062057,1.570795758275898
2.45929550333269,-0.8585983640229782,0.2120418701686049,-2.717239163884244,0.2123115457601727,2.282994290852068,1.570795758258654
2.559295503332692,-0.8584219509250257,0.2121682061926435,-2.717241061440802,0.212183312168321,2.28317070395002,1.570795758241459
2.659295503332686,-0.8582460954837026,0.2122941297682246,-2.717242952535116,0.2120554974871993,2.283346559391343,1.570795758224313
2.759295503332687,-0.8580707946869262,0.2124196431799135,-2.717244837201974,0.2119280993974826,2.28352186018812,1.570795758207217
2.859295503332689,-0.8578960455457287,0.2125447486943983,-2.717246715475881,0.2118011155979787,2.283696609329317,1.570795758190169
2.95929550333269,-0.8577218450940274,0.2126694485606038,-2.717248587390998,0.2116745438055148,2.283870809781019,1.570795758173169
3.059295503332692,-0.8575481903883966,0.2127937450099751,-2.717250452981375,0.2115483817546817,2.284044464486649,1.570795758156217
0.01770284974289638,-0.8573750785078449,0.2129176402565349,-2.717252312280721,0.2114226271976634,2.284217576367201,1.570795758139314
0.1177028497428978,-0.857202506553592,0.2130411364971678,-2.717254165322572,0.2112972779041513,2.284390148321454,1.570795758122458
0.2177028497428992,-0.8570304716488502,0.2131642359116768,-2.717256012140183,0.2111723316610039,2.284562183226196,1.570795758105649
0.3177028497429006,-0.8568589709386081,0.2132869406630675,-2.717257852766579,0.2110477862722462,2.284733683936438,1.570795758088888
0.4177028497429021,-0.8566880015894167,0.2134092528976623,-2.717259687234559,0.2109236395587573,2.284904653285629,1.570795758072173
0.5177028497428964,-0.8565175607891771,0.213531174745242,-2.717261515576638,0.2107998893581566,2.285075094085869,1.570795758055506
0.6177028497428978,-0.8563476457469354,0.2136527083192732,-2.717263337825159,0.2106765335246905,2.28524500912811,1.570795758038884
0.7177028497428992,-0.856178253692673,0.2137738557169939,-2.717265154012239,0.2105535699290328,2.285414401182373,1.57079575802231
0.8177028497429006,-0.8560093818771035,0.2138946190196691,-2.71726696416971,0.210430996458058,2.285583272997942,1.570795758005781
0.9177028497429021,-0.8558410275714734,0.2140150002926475,-2.717268768329234,0.2103088110147553,2.285751627303573,1.570795757989298
1.017702849742896,-0.8556731880673616,0.2141350015856176,-2.717270566522188,0.2101870115180304,2.285919466807684,1.57079575797286
1.117702849742898,-0.8555058606764838,0.2142546249326358,-2.71727235877978,0.2100655959026483,2.286086794198562,1.570795757956468
1.217702849742899,-0.8553390427304981,0.2143738723524393,-2.71727414513299,0.209944562118892,2.286253612144548,1.570795757940121
1.317702849742901,-0.8551727315808124,0.214492745848446,-2.717275925612569,0.2098239081325914,2.286419923294233,1.570795757923819
1.417702849742902,-0.855006924598396,0.2146112474090387,-2.717277700249042,0.2097036319248389,2.28658573027665,1.570795757907562
1.517702849742896,-0.8548416191735919,0.2147293790075651,-2.717279469072764,0.2095837314919606,2.286751035701454,1.570795757891349
1.617702849742898,-0.8546768127159319,0.2148471426025935,-2.717281232113805,0.2094642048452613,2.286915842159114,1.570795757875181
1.717702849742899,-0.8545125026539528,0.2149645401380553,-2.717282989402065,0.2093450500109384,2.287080152221093,1.570795757859056
1.817702849742901,-0.8543486864350167,0.2150815735433298,-2.717284740967273,0.2092262650299119,2.287243968440029,1.570795757842976
1.917702849742902,-0.8541853615251314,0.2151982447333864,-2.717286486838873,0.2091078479577106,2.287407293349915,1.570795757826939
2.017702849742896,-0.8540225254087752,0.2153145556089839,-2.71728822704614,0.2089897968643299,2.287570129466271,1.570795757810945
2.117702849742898,-0.8538601755887201,0.2154305080567838,-2.717289961618121,0.2088721098340613,2.287732479286326,1.570795757794995
2.217702849742899,-0.8536983095858615,0.2155461039494355,-2.71729169058375,0.2087547849653504,2.287894345289184,1.570795757779088
2.317702849742901,-0.8535369249390463,0.2156613451457474,-2.717293413971674,0.2086378203706829,2.288055729936,1.570795757763224
2.417702849742902,-0.8533760192049042,0.2157762334908568,-2.717295131810374,0.2085212141764998,2.288216635670142,1.570795757747402
2.517702849742896,-0.8532155899576832,0.2158907708162872,-2.7172968441281,0.2084049645229697,2.288377064917363,1.570795757731623
2.617702849742898,-0.8530556347890821,0.2160049589401467,-2.717298550952933,0.2082890695639321,2.288537020085964,1.570795757715886
2.717702849742899,-0.8528961513080899,0.2161187996671856,-2.717300252312782,0.2081735274667267,2.288696503566956,1.570795757700191
2.817702849742901,-0.852737137140823,0.2162322947889947,-2.717301948235331,0.2080583364120798,2.288855517734223,1.570795757684537
2.917702849742902,-0.8525785899303679,0.216345446084091,-2.717303638748092,0.2079434945939624,2.289014064944678,1.570795757668926
3.017702849742896,-0.8524205073366229,0.216458255318031,-2.71730532387835,0.2078290002195331,2.289172147538423,1.570795757653356
3.117702849742898,-0.8522628870361424,0.2165707242435531,-2.717307003653275,0.2077148515088822,2.289329767838903,1.570795757637827
0.07611019615310965,-0.8521057267219843,0.2166828546006627,-2.717308678099812,0.2076010466950606,2.289486928153061,1.570795757622339
0.1761101961531111,-0.8519490241035568,0.2167946481168315,-2.717310347244677,0.2074875840238519,2.289643630771489,1.570795757606892
0.2761101961531125,-0.8517927769064695,0.2169061065070252,-2.717312011114473,0.2073744617537159,2.289799877968576,1.570795757591486
0.3761101961531068,-0.8516369828723827,0.217017231473875,-2.717313669735631,0.2072616781555894,2.289955672002663,1.57079575757612
0.4761101961531082,-0.8514816397588625,0.2171280247077902,-2.717315323134358,0.2071492315128864,2.290111015116183,1.570795757560794
0.5761101961531097,-0.851326745339235,0.2172384878870162,-2.717316971336686,0.2070371201212708,2.29026590953581,1.570795757545509
0.6761101961531111,-0.8511722974024423,0.2173486226778323,-2.71731861436848,0.2069253422886277,2.290420357472603,1.570795757530264
0.7761101961531125,-0.8510182937529005,0.2174584307346095,-2.717320252255433,0.2068138963348645,2.290574361122145,1.570795757515058
0.8761101961531068,-0.8508647322103609,0.2175679136999236,-2.717321885023068,0.2067027805919395,2.290727922664685,1.570795757499892
0.9761101961531082,-0.8507116106097676,0.2176770732046407,-2.717323512696737,0.2065919934035776,2.290881044265278,1.570795757484765
1.07611019615311,-0.8505589268011242,0.2177859108681162,-2.717325135301621,0.2064815331252987,2.291033728073921,1.570795757469677
1.176110196153111,-0.8504066786493563,0.2178944282981945,-2.717326752862675,0.2063713981242188,2.291185976225689,1.570795757454629
1.276110196153112,-0.8502548640341763,0.2180026270913515,-2.717328365404796,0.2062615867790214,2.291337790840869,1.570795757439619
1.376110196153107,-0.8501034808499517,0.2181105088328366,-2.717329972952655,0.2061520974797872,2.291489174025094,1.570795757424648
1.476110196153108,-0.8499525270055734,0.2182180750967575,-2.71733157553075,0.2060429286279089,2.291640127869472,1.570795757409715
1.57611019615311,-0.8498020004243263,0.2183253274461094,-2.717333173163468,0.2059340786360337,2.291790654450719,1.570795757394821
1.676110196153111,-0.8496518990437605,0.2184322674329735,-2.717334765874966,0.2058255459278655,2.291940755831285,1.570795757379965
1.776110196153112,-0.8495022208155638,0.2185388965985737,-2.717336353689234,0.2057173289381922,2.292090434059482,1.570795757365147
1.876110196153107,-0.8493529637054373,0.2186452164733623,-2.717337936630202,0.2056094261126873,2.292239691169608,1.570795757350366
1.976110196153108,-0.8492041256929692,0.2187512285771618,-2.717339514721573,0.2055018359077962,2.292388529182076,1.570795757335624
2.07611019615311,-0.8490557047715148,0.2188569344191933,-2.717341087986824,0.2053945567907647,2.292536950103531,1.570795757320918
2.176110196153111,-0.8489076989480706,0.2189623354982757,-2.717342656449432,0.2052875872393827,2.292684955926975,1.57079575730625
2.276110196153112,-0.8487601062431591,0.2190674333027687,-2.717344220132588,0.2051809257420416,2.292832548631886,1.57079575729162
2.376110196153107,-0.8486129246907055,0.2191722293108285,-2.717345779059428,0.2050745707975068,2.29297973018434,1.570795757277026
2.476110196153108,-0.8484661523379224,0.2192767249903511,-2.71734733325286,0.2049685209149175,2.293126502537123,1.570795757262469
2.57611019615311,-0.8483197872451926,0.2193809217991998,-2.717348882735735,0.2048627746136162,2.293272867629853,1.570795757247948
2.676110196153111,-0.8481738274859549,0.2194848211851763,-2.717350427530619,0.2047573304231776,2.293418827389091,1.570795757233464
2.776110196153112,-0.8480282711465881,0.2195884245861919,-2.717351967660022,0.2046521868832087,2.293564383728457,1.570795757219017
2.876110196153107,-0.8478831163263005,0.2196917334303237,-2.717353503146285,0.2045473425432647,2.293709538548745,1.570795757204605
